CCG19CD,CCG19CDH,CCG19NM,NHSER19CDH,NHSER19NM,IMD - Average score,IMD - Rank of average score,CCG20CDH,CCG20NM,CCG21CDH,CCG21NM,ICB_Code,ICB_Name
E38000004,07L,NHS Barking and Dagenham CCG,Y56,London,32.768,17,07L,NHS Barking and Dagenham CCG,A3A8R,NHS North East London CCG,QMF,NHS North East London Integrated Care Board
E38000005,07M,NHS Barnet CCG,Y56,London,16.148,144,93C,NHS North Central London CCG,93C,NHS North Central London CCG,QMJ,NHS North Central London Integrated Care Board
E38000011,07N,NHS Bexley CCG,Y56,London,16.273,141,72Q,NHS South East London CCG,72Q,NHS South East London CCG,QKK,NHS South East London Integrated Care Board
E38000020,07P,NHS Brent CCG,Y56,London,25.558,62,07P,NHS Brent CCG,W2U3Z,NHS North West London CCG,QRV,NHS North West London Integrated Care Board
E38000023,07Q,NHS Bromley CCG,Y56,London,14.163,157,72Q,NHS South East London CCG,72Q,NHS South East London CCG,QKK,NHS South East London Integrated Care Board
E38000027,07R,NHS Camden CCG,Y56,London,20.131,102,93C,NHS North Central London CCG,93C,NHS North Central London CCG,QMJ,NHS North Central London Integrated Care Board
E38000031,09A,NHS Central London (Westminster) CCG,Y56,London,18.795,114,09A,NHS Central London (Westminster) CCG,W2U3Z,NHS North West London CCG,QRV,NHS North West London Integrated Care Board
E38000035,07T,NHS City and Hackney CCG,Y56,London,32.094,21,07T,NHS City and Hackney CCG,A3A8R,NHS North East London CCG,QMF,NHS North East London Integrated Care Board
E38000040,07V,NHS Croydon CCG,Y56,London,22.477,80,36L,NHS South West London CCG,36L,NHS South West London CCG,QWE,NHS South West London Integrated Care Board
E38000048,07W,NHS Ealing CCG,Y56,London,22.71,78,07W,NHS Ealing CCG,W2U3Z,NHS North West London CCG,QRV,NHS North West London Integrated Care Board
E38000057,07X,NHS Enfield CCG,Y56,London,25.781,58,93C,NHS North Central London CCG,93C,NHS North Central London CCG,QMJ,NHS North Central London Integrated Care Board
E38000066,08A,NHS Greenwich CCG,Y56,London,24.464,67,72Q,NHS South East London CCG,72Q,NHS South East London CCG,QKK,NHS South East London Integrated Care Board
E38000070,08C,NHS Hammersmith and Fulham CCG,Y56,London,22.27,86,08C,NHS Hammersmith and Fulham CCG,W2U3Z,NHS North West London CCG,QRV,NHS North West London Integrated Care Board
E38000072,08D,NHS Haringey CCG,Y56,London,27.956,44,93C,NHS North Central London CCG,93C,NHS North Central London CCG,QMJ,NHS North Central London Integrated Care Board
E38000074,08E,NHS Harrow CCG,Y56,London,15.031,151,08E,NHS Harrow CCG,W2U3Z,NHS North West London CCG,QRV,NHS North West London Integrated Care Board
E38000077,08F,NHS Havering CCG,Y56,London,16.789,138,08F,NHS Havering CCG,A3A8R,NHS North East London CCG,QMF,NHS North East London Integrated Care Board
E38000082,08G,NHS Hillingdon CCG,Y56,London,18.223,120,08G,NHS Hillingdon CCG,W2U3Z,NHS North West London CCG,QRV,NHS North West London Integrated Care Board
E38000084,07Y,NHS Hounslow CCG,Y56,London,21.487,94,07Y,NHS Hounslow CCG,W2U3Z,NHS North West London CCG,QRV,NHS North West London Integrated Care Board
E38000088,08H,NHS Islington CCG,Y56,London,27.535,46,93C,NHS North Central London CCG,93C,NHS North Central London CCG,QMJ,NHS North Central London Integrated Care Board
E38000090,08J,NHS Kingston CCG,Y56,London,11.381,180,36L,NHS South West London CCG,36L,NHS South West London CCG,QWE,NHS South West London Integrated Care Board
E38000092,08K,NHS Lambeth CCG,Y56,London,25.422,63,72Q,NHS South East London CCG,72Q,NHS South East London CCG,QKK,NHS South East London Integrated Care Board
E38000098,08L,NHS Lewisham CCG,Y56,London,26.661,53,72Q,NHS South East London CCG,72Q,NHS South East London CCG,QKK,NHS South East London Integrated Care Board
E38000105,08R,NHS Merton CCG,Y56,London,14.649,154,36L,NHS South West London CCG,36L,NHS South West London CCG,QWE,NHS South West London Integrated Care Board
E38000113,08M,NHS Newham CCG,Y56,London,29.577,34,08M,NHS Newham CCG,A3A8R,NHS North East London CCG,QMF,NHS North East London Integrated Care Board
E38000138,08N,NHS Redbridge CCG,Y56,London,17.203,131,08N,NHS Redbridge CCG,A3A8R,NHS North East London CCG,QMF,NHS North East London Integrated Care Board
E38000140,08P,NHS Richmond CCG,Y56,London,9.425,186,36L,NHS South West London CCG,36L,NHS South West London CCG,QWE,NHS South West London Integrated Care Board
E38000171,08Q,NHS Southwark CCG,Y56,London,25.811,57,72Q,NHS South East London CCG,72Q,NHS South East London CCG,QKK,NHS South East London Integrated Care Board
E38000179,08T,NHS Sutton CCG,Y56,London,13.987,159,36L,NHS South West London CCG,36L,NHS South West London CCG,QWE,NHS South West London Integrated Care Board
E38000150,11X,NHS Somerset CCG,Y58,South West,18.553,117,11X,NHS Somerset CCG,11X,NHS Somerset CCG,QSL,NHS Somerset Integrated Care Board
E38000186,08V,NHS Tower Hamlets CCG,Y56,London,27.913,45,08V,NHS Tower Hamlets CCG,A3A8R,NHS North East London CCG,QMF,NHS North East London Integrated Care Board
E38000192,08W,NHS Waltham Forest CCG,Y56,London,25.209,64,08W,NHS Waltham Forest CCG,A3A8R,NHS North East London CCG,QMF,NHS North East London Integrated Care Board
E38000193,08X,NHS Wandsworth CCG,Y56,London,16.611,140,36L,NHS South West London CCG,36L,NHS South West London CCG,QWE,NHS South West London Integrated Care Board
E38000202,08Y,NHS West London CCG,Y56,London,22.348,84,08Y,NHS West London CCG,W2U3Z,NHS North West London CCG,QRV,NHS North West London Integrated Care Board
E38000230,15N,NHS Devon CCG,Y58,South West,20.17,101,15N,NHS Devon CCG,15N,NHS Devon CCG,QJK,NHS Devon Integrated Care Board
E38000037,03V,NHS Corby CCG,Y60,Midlands,25.706,60,78H,NHS Northamptonshire CCG,78H,NHS Northamptonshire CCG,QPM,NHS Northamptonshire Integrated Care Board
E38000056,01C,NHS Eastern Cheshire CCG,Y62,North West,12.211,170,27D,NHS Cheshire CCG,27D,NHS Cheshire CCG,QYG,NHS Cheshire and Merseyside Integrated Care Board
E38000068,01F,NHS Halton CCG,Y62,North West,32.325,19,01F,NHS Halton CCG,01F,NHS Halton CCG,QYG,NHS Cheshire and Merseyside Integrated Care Board
E38000051,03W,NHS East Leicestershire and Rutland CCG,Y60,Midlands,10.704,183,03W,NHS East Leicestershire and Rutland CCG,03W,NHS East Leicestershire and Rutland CCG,QK1,"NHS Leicester, Leicestershire and Rutland Integrated Care Board"
E38000097,04C,NHS Leicester City CCG,Y60,Midlands,30.877,28,04C,NHS Leicester City CCG,04C,NHS Leicester City CCG,QK1,"NHS Leicester, Leicestershire and Rutland Integrated Care Board"
E38000091,01J,NHS Knowsley CCG,Y62,North West,43.006,3,01J,NHS Knowsley CCG,01J,NHS Knowsley CCG,QYG,NHS Cheshire and Merseyside Integrated Care Board
E38000164,05R,NHS South Warwickshire CCG,Y60,Midlands,11.875,175,05R,NHS South Warwickshire CCG,B2M3M,NHS Coventry and Warwickshire CCG,QWU,NHS Coventry and Warwickshire Integrated Care Board
E38000099,03T,NHS Lincolnshire East CCG,Y60,Midlands,26.521,54,71E,NHS Lincolnshire CCG,71E,NHS Lincolnshire CCG,QJM,NHS Lincolnshire Integrated Care Board
E38000101,99A,NHS Liverpool CCG,Y62,North West,42.412,4,99A,NHS Liverpool CCG,99A,NHS Liverpool CCG,QYG,NHS Cheshire and Merseyside Integrated Care Board
E38000166,05T,NHS South Worcestershire CCG,Y60,Midlands,17.416,130,18C,NHS Herefordshire and Worcestershire CCG,18C,NHS Herefordshire and Worcestershire CCG,QGH,NHS Herefordshire and Worcestershire Integrated Care Board
E38000151,01R,NHS South Cheshire CCG,Y62,North West,16.956,135,27D,NHS Cheshire CCG,27D,NHS Cheshire CCG,QYG,NHS Cheshire and Merseyside Integrated Care Board
E38000100,04D,NHS Lincolnshire West CCG,Y60,Midlands,20.273,99,71E,NHS Lincolnshire CCG,71E,NHS Lincolnshire CCG,QJM,NHS Lincolnshire Integrated Care Board
E38000191,05Y,NHS Walsall CCG,Y60,Midlands,31.555,22,05Y,NHS Walsall CCG,D2P2L,NHS Black Country and West Birmingham CCG,QUA,NHS Black Country Integrated Care Board
E38000161,01T,NHS South Sefton CCG,Y62,North West,32.588,18,01T,NHS South Sefton CCG,01T,NHS South Sefton CCG,QYG,NHS Cheshire and Merseyside Integrated Care Board
E38000108,04G,NHS Nene CCG,Y60,Midlands,18.071,122,78H,NHS Northamptonshire CCG,78H,NHS Northamptonshire CCG,QPM,NHS Northamptonshire Integrated Care Board
E38000195,05H,NHS Warwickshire North CCG,Y60,Midlands,21.673,93,05H,NHS Warwickshire North CCG,B2M3M,NHS Coventry and Warwickshire CCG,QWU,NHS Coventry and Warwickshire Integrated Care Board
E38000170,01V,NHS Southport and Formby CCG,Y62,North West,19.405,104,01V,NHS Southport and Formby CCG,01V,NHS Southport and Formby CCG,QYG,NHS Cheshire and Merseyside Integrated Care Board
E38000157,99D,NHS South Lincolnshire CCG,Y60,Midlands,14.232,156,71E,NHS Lincolnshire CCG,71E,NHS Lincolnshire CCG,QJM,NHS Lincolnshire Integrated Care Board
E38000210,06A,NHS Wolverhampton CCG,Y60,Midlands,32.102,20,06A,NHS Wolverhampton CCG,D2P2L,NHS Black Country and West Birmingham CCG,QUA,NHS Black Country Integrated Care Board
E38000172,01X,NHS St Helens CCG,Y62,North West,31.518,23,01X,NHS St Helens CCG,01X,NHS St Helens CCG,QYG,NHS Cheshire and Merseyside Integrated Care Board
E38000165,04Q,NHS South West Lincolnshire CCG,Y60,Midlands,15.851,148,71E,NHS Lincolnshire CCG,71E,NHS Lincolnshire CCG,QJM,NHS Lincolnshire Integrated Care Board
E38000211,06D,NHS Wyre Forest CCG,Y60,Midlands,22.437,81,18C,NHS Herefordshire and Worcestershire CCG,18C,NHS Herefordshire and Worcestershire CCG,QGH,NHS Herefordshire and Worcestershire Integrated Care Board
E38000189,02D,NHS Vale Royal CCG,Y62,North West,19.164,108,27D,NHS Cheshire CCG,27D,NHS Cheshire CCG,QYG,NHS Cheshire and Merseyside Integrated Care Board
E38000194,02E,NHS Warrington CCG,Y62,North West,18.942,109,02E,NHS Warrington CCG,02E,NHS Warrington CCG,QYG,NHS Cheshire and Merseyside Integrated Care Board
E38000196,02F,NHS West Cheshire CCG,Y62,North West,17.601,127,27D,NHS Cheshire CCG,27D,NHS Cheshire CCG,QYG,NHS Cheshire and Merseyside Integrated Care Board
E38000208,12F,NHS Wirral CCG,Y62,North West,29.589,33,12F,NHS Wirral CCG,12F,NHS Wirral CCG,QYG,NHS Cheshire and Merseyside Integrated Care Board
E38000028,04Y,NHS Cannock Chase CCG,Y60,Midlands,19.232,107,04Y,NHS Cannock Chase CCG,04Y,NHS Cannock Chase CCG,QNC,NHS Staffordshire and Stoke-on-Trent Integrated Care Board
E38000053,05D,NHS East Staffordshire CCG,Y60,Midlands,18.151,121,05D,NHS East Staffordshire CCG,05D,NHS East Staffordshire CCG,QNC,NHS Staffordshire and Stoke-on-Trent Integrated Care Board
E38000103,04E,NHS Mansfield and Ashfield CCG,Y60,Midlands,27.999,43,52R,NHS Nottingham and Nottinghamshire CCG,52R,NHS Nottingham and Nottinghamshire CCG,QT1,NHS Nottingham and Nottinghamshire Integrated Care Board
E38000109,04H,NHS Newark and Sherwood CCG,Y60,Midlands,18.913,111,52R,NHS Nottingham and Nottinghamshire CCG,52R,NHS Nottingham and Nottinghamshire CCG,QT1,NHS Nottingham and Nottinghamshire Integrated Care Board
E38000126,05G,NHS North Staffordshire CCG,Y60,Midlands,17.516,129,05G,NHS North Staffordshire CCG,05G,NHS North Staffordshire CCG,QNC,NHS Staffordshire and Stoke-on-Trent Integrated Care Board
E38000132,04K,NHS Nottingham City CCG,Y60,Midlands,34.891,10,52R,NHS Nottingham and Nottinghamshire CCG,52R,NHS Nottingham and Nottinghamshire CCG,QT1,NHS Nottingham and Nottinghamshire Integrated Care Board
E38000133,04L,NHS Nottingham North and East CCG,Y60,Midlands,17.041,133,52R,NHS Nottingham and Nottinghamshire CCG,52R,NHS Nottingham and Nottinghamshire CCG,QT1,NHS Nottingham and Nottinghamshire Integrated Care Board
E38000134,04M,NHS Nottingham West CCG,Y60,Midlands,14.238,155,52R,NHS Nottingham and Nottinghamshire CCG,52R,NHS Nottingham and Nottinghamshire CCG,QT1,NHS Nottingham and Nottinghamshire Integrated Care Board
E38000142,04N,NHS Rushcliffe CCG,Y60,Midlands,7.18,191,52R,NHS Nottingham and Nottinghamshire CCG,52R,NHS Nottingham and Nottinghamshire CCG,QT1,NHS Nottingham and Nottinghamshire Integrated Care Board
E38000147,05N,NHS Shropshire CCG,Y60,Midlands,17.153,132,05N,NHS Shropshire CCG,M2L0M,"NHS Shropshire, Telford and Wrekin CCG",QOC,"NHS Shropshire, Telford and Wrekin Integrated Care Board"
E38000153,05Q,NHS South East Staffordshire and Seisdon Peninsula CCG,Y60,Midlands,15.482,149,05Q,NHS South East Staffordshire and Seisdon Peninsula CCG,05Q,NHS South East Staffordshire and Seisdon Peninsula CCG,QNC,NHS Staffordshire and Stoke-on-Trent Integrated Care Board
E38000173,05V,NHS Stafford and Surrounds CCG,Y60,Midlands,13.476,166,05V,NHS Stafford and Surrounds CCG,05V,NHS Stafford and Surrounds CCG,QNC,NHS Staffordshire and Stoke-on-Trent Integrated Care Board
E38000175,05W,NHS Stoke on Trent CCG,Y60,Midlands,33.727,14,05W,NHS Stoke on Trent CCG,05W,NHS Stoke on Trent CCG,QNC,NHS Staffordshire and Stoke-on-Trent Integrated Care Board
E38000183,05X,NHS Telford and Wrekin CCG,Y60,Midlands,24.988,65,05X,NHS Telford and Wrekin CCG,M2L0M,"NHS Shropshire, Telford and Wrekin CCG",QOC,"NHS Shropshire, Telford and Wrekin Integrated Care Board"
E38000229,15M,NHS Derby and Derbyshire CCG,Y60,Midlands,20.435,98,15M,NHS Derby and Derbyshire CCG,15M,NHS Derby and Derbyshire CCG,QJ2,NHS Derby and Derbyshire Integrated Care Board
E38000038,05A,NHS Coventry and Rugby CCG,Y60,Midlands,22.937,76,05A,NHS Coventry and Rugby CCG,B2M3M,NHS Coventry and Warwickshire CCG,QWU,NHS Coventry and Warwickshire Integrated Care Board
E38000046,05C,NHS Dudley CCG,Y60,Midlands,24.103,68,05C,NHS Dudley CCG,D2P2L,NHS Black Country and West Birmingham CCG,QUA,NHS Black Country Integrated Care Board
E38000078,05F,NHS Herefordshire CCG,Y60,Midlands,18.89,112,18C,NHS Herefordshire and Worcestershire CCG,18C,NHS Herefordshire and Worcestershire CCG,QGH,NHS Herefordshire and Worcestershire Integrated Care Board
E38000139,05J,NHS Redditch and Bromsgrove CCG,Y60,Midlands,16.797,137,18C,NHS Herefordshire and Worcestershire CCG,18C,NHS Herefordshire and Worcestershire CCG,QGH,NHS Herefordshire and Worcestershire Integrated Care Board
E38000144,05L,NHS Sandwell and West Birmingham CCG,Y60,Midlands,37.643,7,05L,NHS Sandwell and West Birmingham CCG,D2P2L,NHS Black Country and West Birmingham CCG,QUA,NHS Black Country Integrated Care Board
E38000201,04V,NHS West Leicestershire CCG,Y60,Midlands,13.312,168,04V,NHS West Leicestershire CCG,04V,NHS West Leicestershire CCG,QK1,"NHS Leicester, Leicestershire and Rutland Integrated Care Board"
E38000220,15E,NHS Birmingham and Solihull CCG,Y60,Midlands,33.589,15,15E,NHS Birmingham and Solihull CCG,15E,NHS Birmingham and Solihull CCG,QHL,NHS Birmingham and Solihull Integrated Care Board
E38000010,06F,NHS Bedfordshire CCG,Y61,East of England,14.721,153,06F,NHS Bedfordshire CCG,M1J4Y,"NHS Bedfordshire, Luton and Milton Keynes CCG",QHG,"NHS Bedfordshire, Luton and Milton Keynes Integrated Care Board"
E38000016,00T,NHS Bolton CCG,Y62,North West,30.691,29,00T,NHS Bolton CCG,00T,NHS Bolton CCG,QOP,NHS Greater Manchester Integrated Care Board
E38000049,06K,NHS East and North Hertfordshire CCG,Y61,East of England,13.759,162,06K,NHS East and North Hertfordshire CCG,06K,NHS East and North Hertfordshire CCG,QM7,NHS Hertfordshire and West Essex Integrated Care Board
E38000024,00V,NHS Bury CCG,Y62,North West,23.682,72,00V,NHS Bury CCG,00V,NHS Bury CCG,QOP,NHS Greater Manchester Integrated Care Board
E38000080,01D,"NHS Heywood, Middleton and Rochdale CCG",Y62,North West,34.415,11,01D,"NHS Heywood, Middleton and Rochdale CCG",01D,"NHS Heywood, Middleton and Rochdale CCG",QOP,NHS Greater Manchester Integrated Care Board
E38000135,00Y,NHS Oldham CCG,Y62,North West,33.155,16,00Y,NHS Oldham CCG,00Y,NHS Oldham CCG,QOP,NHS Greater Manchester Integrated Care Board
E38000143,01G,NHS Salford CCG,Y62,North West,34.21,12,01G,NHS Salford CCG,01G,NHS Salford CCG,QOP,NHS Greater Manchester Integrated Care Board
E38000174,01W,NHS Stockport CCG,Y62,North West,20.826,96,01W,NHS Stockport CCG,01W,NHS Stockport CCG,QOP,NHS Greater Manchester Integrated Care Board
E38000182,01Y,NHS Tameside and Glossop CCG,Y62,North West,29.539,36,01Y,NHS Tameside and Glossop CCG,01Y,NHS Tameside and Glossop CCG,QOP,NHS Greater Manchester Integrated Care Board
E38000187,02A,NHS Trafford CCG,Y62,North West,16.088,145,02A,NHS Trafford CCG,02A,NHS Trafford CCG,QOP,NHS Greater Manchester Integrated Care Board
E38000205,02H,NHS Wigan Borough CCG,Y62,North West,25.713,59,02H,NHS Wigan Borough CCG,02H,NHS Wigan Borough CCG,QOP,NHS Greater Manchester Integrated Care Board
E38000217,14L,NHS Manchester CCG,Y62,North West,40.005,6,14L,NHS Manchester CCG,14L,NHS Manchester CCG,QOP,NHS Greater Manchester Integrated Care Board
E38000014,00Q,NHS Blackburn with Darwen CCG,Y62,North West,36.013,8,00Q,NHS Blackburn with Darwen CCG,00Q,NHS Blackburn with Darwen CCG,QE1,NHS Lancashire and South Cumbria Integrated Care Board
E38000015,00R,NHS Blackpool CCG,Y62,North West,45.039,2,00R,NHS Blackpool CCG,00R,NHS Blackpool CCG,QE1,NHS Lancashire and South Cumbria Integrated Care Board
E38000034,00X,NHS Chorley and South Ribble CCG,Y62,North West,17.612,126,00X,NHS Chorley and South Ribble CCG,00X,NHS Chorley and South Ribble CCG,QE1,NHS Lancashire and South Cumbria Integrated Care Board
E38000050,01A,NHS East Lancashire CCG,Y62,North West,29.383,37,01A,NHS East Lancashire CCG,01A,NHS East Lancashire CCG,QE1,NHS Lancashire and South Cumbria Integrated Care Board
E38000200,02G,NHS West Lancashire CCG,Y62,North West,18.645,116,02G,NHS West Lancashire CCG,02G,NHS West Lancashire CCG,QE1,NHS Lancashire and South Cumbria Integrated Care Board
E38000226,02M,NHS Fylde and Wyre CCG,Y62,North West,18.723,115,02M,NHS Fylde and Wyre CCG,02M,NHS Fylde and Wyre CCG,QE1,NHS Lancashire and South Cumbria Integrated Care Board
E38000227,01E,NHS Greater Preston CCG,Y62,North West,23.938,69,01E,NHS Greater Preston CCG,01E,NHS Greater Preston CCG,QE1,NHS Lancashire and South Cumbria Integrated Care Board
E38000228,01K,NHS Morecambe Bay CCG,Y62,North West,21.78,90,01K,NHS Morecambe Bay CCG,01K,NHS Morecambe Bay CCG,QE1,NHS Lancashire and South Cumbria Integrated Care Board
E38000059,10K,NHS Fareham and Gosport CCG,Y59,South East,13.904,161,10K,NHS Fareham and Gosport CCG,D9Y0V,"NHS Hampshire, Southampton and Isle of Wight CCG",QRL,NHS Hampshire and Isle of Wight Integrated Care Board
E38000087,10L,NHS Isle of Wight CCG,Y59,South East,23.294,74,10L,NHS Isle of Wight CCG,D9Y0V,"NHS Hampshire, Southampton and Isle of Wight CCG",QRL,NHS Hampshire and Isle of Wight Integrated Care Board
E38000118,99M,NHS North East Hampshire and Farnham CCG,Y59,South East,10.4,184,99M,NHS North East Hampshire and Farnham CCG,D4U1Y,NHS Frimley CCG,QNQ,NHS Frimley Integrated Care Board
E38000120,10J,NHS North Hampshire CCG,Y59,South East,12.046,172,10J,NHS North Hampshire CCG,D9Y0V,"NHS Hampshire, Southampton and Isle of Wight CCG",QRL,NHS Hampshire and Isle of Wight Integrated Care Board
E38000136,10Q,NHS Oxfordshire CCG,Y59,South East,11.772,178,10Q,NHS Oxfordshire CCG,10Q,NHS Oxfordshire CCG,QU9,"NHS Buckinghamshire, Oxfordshire and Berkshire West Integrated Care Board"
E38000137,10R,NHS Portsmouth CCG,Y59,South East,26.899,51,10R,NHS Portsmouth CCG,10R,NHS Portsmouth CCG,QRL,NHS Hampshire and Isle of Wight Integrated Care Board
E38000154,10V,NHS South Eastern Hampshire CCG,Y59,South East,16.929,136,10V,NHS South Eastern Hampshire CCG,D9Y0V,"NHS Hampshire, Southampton and Isle of Wight CCG",QRL,NHS Hampshire and Isle of Wight Integrated Care Board
E38000167,10X,NHS Southampton CCG,Y59,South East,26.876,52,10X,NHS Southampton CCG,D9Y0V,"NHS Hampshire, Southampton and Isle of Wight CCG",QRL,NHS Hampshire and Isle of Wight Integrated Care Board
E38000178,10C,NHS Surrey Heath CCG,Y59,South East,9.179,187,10C,NHS Surrey Heath CCG,D4U1Y,NHS Frimley CCG,QNQ,NHS Frimley Integrated Care Board
E38000198,11A,NHS West Hampshire CCG,Y59,South East,11.325,181,11A,NHS West Hampshire CCG,D9Y0V,"NHS Hampshire, Southampton and Isle of Wight CCG",QRL,NHS Hampshire and Isle of Wight Integrated Care Board
E38000221,15A,NHS Berkshire West CCG,Y59,South East,11.828,176,15A,NHS Berkshire West CCG,15A,NHS Berkshire West CCG,QU9,"NHS Buckinghamshire, Oxfordshire and Berkshire West Integrated Care Board"
E38000223,14Y,NHS Buckinghamshire CCG,Y59,South East,10.027,185,14Y,NHS Buckinghamshire CCG,14Y,NHS Buckinghamshire CCG,QU9,"NHS Buckinghamshire, Oxfordshire and Berkshire West Integrated Care Board"
E38000224,15D,NHS East Berkshire CCG,Y59,South East,13.984,160,15D,NHS East Berkshire CCG,D4U1Y,NHS Frimley CCG,QNQ,NHS Frimley Integrated Care Board
E38000002,09C,NHS Ashford CCG,Y59,South East,18.546,118,91Q,NHS Kent and Medway CCG,91Q,NHS Kent and Medway CCG,QKS,NHS Kent and Medway Integrated Care Board
E38000021,09D,NHS Brighton and Hove CCG,Y59,South East,20.761,97,09D,NHS Brighton and Hove CCG,09D,NHS Brighton and Hove CCG,QNX,NHS Sussex Integrated Care Board
E38000029,09E,NHS Canterbury and Coastal CCG,Y59,South East,17.548,128,91Q,NHS Kent and Medway CCG,91Q,NHS Kent and Medway CCG,QKS,NHS Kent and Medway Integrated Care Board
E38000039,09H,NHS Crawley CCG,Y59,South East,18.94,110,70F,NHS West Sussex CCG,70F,NHS West Sussex CCG,QNX,NHS Sussex Integrated Care Board
E38000043,09J,"NHS Dartford, Gravesham and Swanley CCG",Y59,South East,19.242,106,91Q,NHS Kent and Medway CCG,91Q,NHS Kent and Medway CCG,QKS,NHS Kent and Medway Integrated Care Board
E38000054,09L,NHS East Surrey CCG,Y59,South East,12.09,171,92A,NHS Surrey Heartlands CCG,92A,NHS Surrey Heartlands CCG,QXU,NHS Surrey Heartlands Integrated Care Board
E38000055,09F,"NHS Eastbourne, Hailsham and Seaford CCG",Y59,South East,18.839,113,97R,NHS East Sussex CCG,97R,NHS East Sussex CCG,QNX,NHS Sussex Integrated Care Board
E38000076,09P,NHS Hastings and Rother CCG,Y59,South East,26.975,50,97R,NHS East Sussex CCG,97R,NHS East Sussex CCG,QNX,NHS Sussex Integrated Care Board
E38000081,99K,NHS High Weald Lewes Havens CCG,Y59,South East,13.019,169,97R,NHS East Sussex CCG,97R,NHS East Sussex CCG,QNX,NHS Sussex Integrated Care Board
E38000083,09X,NHS Horsham and Mid Sussex CCG,Y59,South East,8.459,189,70F,NHS West Sussex CCG,70F,NHS West Sussex CCG,QNX,NHS Sussex Integrated Care Board
E38000104,09W,NHS Medway CCG,Y59,South East,23.936,70,91Q,NHS Kent and Medway CCG,91Q,NHS Kent and Medway CCG,QKS,NHS Kent and Medway Integrated Care Board
E38000128,09Y,NHS North West Surrey CCG,Y59,South East,11.821,177,92A,NHS Surrey Heartlands CCG,92A,NHS Surrey Heartlands CCG,QXU,NHS Surrey Heartlands Integrated Care Board
E38000156,10A,NHS South Kent Coast CCG,Y59,South East,23.701,71,91Q,NHS Kent and Medway CCG,91Q,NHS Kent and Medway CCG,QKS,NHS Kent and Medway Integrated Care Board
E38000177,99H,NHS Surrey Downs CCG,Y59,South East,8.632,188,92A,NHS Surrey Heartlands CCG,92A,NHS Surrey Heartlands CCG,QXU,NHS Surrey Heartlands Integrated Care Board
E38000180,10D,NHS Swale CCG,Y59,South East,28.417,42,91Q,NHS Kent and Medway CCG,91Q,NHS Kent and Medway CCG,QKS,NHS Kent and Medway Integrated Care Board
E38000184,10E,NHS Thanet CCG,Y59,South East,31.314,27,91Q,NHS Kent and Medway CCG,91Q,NHS Kent and Medway CCG,QKS,NHS Kent and Medway Integrated Care Board
E38000199,99J,NHS West Kent CCG,Y59,South East,13.496,165,91Q,NHS Kent and Medway CCG,91Q,NHS Kent and Medway CCG,QKS,NHS Kent and Medway Integrated Care Board
E38000213,09G,NHS Coastal West Sussex CCG,Y59,South East,16.198,143,70F,NHS West Sussex CCG,70F,NHS West Sussex CCG,QNX,NHS Sussex Integrated Care Board
E38000214,09N,NHS Guildford and Waverley CCG,Y59,South East,8.453,190,92A,NHS Surrey Heartlands CCG,92A,NHS Surrey Heartlands CCG,QXU,NHS Surrey Heartlands Integrated Care Board
E38000009,11E,NHS Bath and North East Somerset CCG,Y58,South West,11.745,179,92G,"NHS Bath and North East Somerset, Swindon and Wiltshire CCG",92G,"NHS Bath and North East Somerset, Swindon and Wiltshire CCG",QOX,"NHS Bath and North East Somerset, Swindon and Wiltshire Integrated Care Board"
E38000062,11M,NHS Gloucestershire CCG,Y58,South West,14.932,152,11M,NHS Gloucestershire CCG,11M,NHS Gloucestershire CCG,QR1,NHS Gloucestershire Integrated Care Board
E38000181,12D,NHS Swindon CCG,Y58,South West,18.274,119,92G,"NHS Bath and North East Somerset, Swindon and Wiltshire CCG",92G,"NHS Bath and North East Somerset, Swindon and Wiltshire CCG",QOX,"NHS Bath and North East Somerset, Swindon and Wiltshire Integrated Care Board"
E38000206,99N,NHS Wiltshire CCG,Y58,South West,13.447,167,92G,"NHS Bath and North East Somerset, Swindon and Wiltshire CCG",92G,"NHS Bath and North East Somerset, Swindon and Wiltshire CCG",QOX,"NHS Bath and North East Somerset, Swindon and Wiltshire Integrated Care Board"
E38000222,15C,"NHS Bristol, North Somerset and South Gloucestershire CCG",Y58,South West,19.693,103,15C,"NHS Bristol, North Somerset and South Gloucestershire CCG",15C,"NHS Bristol, North Somerset and South Gloucestershire CCG",QUY,"NHS Bristol, North Somerset and South Gloucestershire Integrated Care Board"
E38000045,11J,NHS Dorset CCG,Y58,South West,16.986,134,11J,NHS Dorset CCG,11J,NHS Dorset CCG,QVV,NHS Dorset Integrated Care Board
E38000089,11N,NHS Kernow CCG,Y58,South West,23.025,75,11N,NHS Kernow CCG,11N,NHS Kernow CCG,QT6,NHS Cornwall and the Isles of Scilly Integrated Care Board
E38000079,06N,NHS Herts Valleys CCG,Y61,East of England,11.912,173,06N,NHS Herts Valleys CCG,06N,NHS Herts Valleys CCG,QM7,NHS Hertfordshire and West Essex Integrated Care Board
E38000102,06P,NHS Luton CCG,Y61,East of England,25.908,56,06P,NHS Luton CCG,M1J4Y,"NHS Bedfordshire, Luton and Milton Keynes CCG",QHG,"NHS Bedfordshire, Luton and Milton Keynes Integrated Care Board"
E38000107,04F,NHS Milton Keynes CCG,Y61,East of England,17.761,124,04F,NHS Milton Keynes CCG,M1J4Y,"NHS Bedfordshire, Luton and Milton Keynes CCG",QHG,"NHS Bedfordshire, Luton and Milton Keynes Integrated Care Board"
E38000007,99E,NHS Basildon and Brentwood CCG,Y61,East of England,19.329,105,99E,NHS Basildon and Brentwood CCG,99E,NHS Basildon and Brentwood CCG,QH8,NHS Mid and South Essex Integrated Care Board
E38000026,06H,NHS Cambridgeshire and Peterborough CCG,Y61,East of England,16.766,139,06H,NHS Cambridgeshire and Peterborough CCG,06H,NHS Cambridgeshire and Peterborough CCG,QUE,NHS Cambridgeshire and Peterborough Integrated Care Board
E38000030,99F,NHS Castle Point and Rochford CCG,Y61,East of England,13.718,163,99F,NHS Castle Point and Rochford CCG,99F,NHS Castle Point and Rochford CCG,QH8,NHS Mid and South Essex Integrated Care Board
E38000063,06M,NHS Great Yarmouth and Waveney CCG,Y61,East of England,29.17,38,26A,NHS Norfolk & Waveney CCG,26A,NHS Norfolk & Waveney CCG,QMM,NHS Norfolk and Waveney Integrated Care Board
E38000086,06L,NHS Ipswich and East Suffolk CCG,Y61,East of England,17.697,125,06L,NHS Ipswich and East Suffolk CCG,06L,NHS Ipswich and East Suffolk CCG,QJG,NHS Suffolk and North East Essex Integrated Care Board
E38000106,06Q,NHS Mid Essex CCG,Y61,East of England,13.515,164,06Q,NHS Mid Essex CCG,06Q,NHS Mid Essex CCG,QH8,NHS Mid and South Essex Integrated Care Board
E38000117,06T,NHS North East Essex CCG,Y61,East of England,22.727,77,06T,NHS North East Essex CCG,06T,NHS North East Essex CCG,QJG,NHS Suffolk and North East Essex Integrated Care Board
E38000124,06V,NHS North Norfolk CCG,Y61,East of England,17.904,123,26A,NHS Norfolk & Waveney CCG,26A,NHS Norfolk & Waveney CCG,QMM,NHS Norfolk and Waveney Integrated Care Board
E38000168,99G,NHS Southend CCG,Y61,East of England,22.375,83,99G,NHS Southend CCG,99G,NHS Southend CCG,QH8,NHS Mid and South Essex Integrated Care Board
E38000185,07G,NHS Thurrock CCG,Y61,East of England,20.928,95,07G,NHS Thurrock CCG,07G,NHS Thurrock CCG,QH8,NHS Mid and South Essex Integrated Care Board
E38000197,07H,NHS West Essex CCG,Y61,East of England,15.223,150,07H,NHS West Essex CCG,07H,NHS West Essex CCG,QM7,NHS Hertfordshire and West Essex Integrated Care Board
E38000203,07J,NHS West Norfolk CCG,Y61,East of England,23.446,73,26A,NHS Norfolk & Waveney CCG,26A,NHS Norfolk & Waveney CCG,QMM,NHS Norfolk and Waveney Integrated Care Board
E38000204,07K,NHS West Suffolk CCG,Y61,East of England,16.006,147,07K,NHS West Suffolk CCG,07K,NHS West Suffolk CCG,QJG,NHS Suffolk and North East Essex Integrated Care Board
E38000218,06W,NHS Norwich CCG,Y61,East of England,21.691,91,26A,NHS Norfolk & Waveney CCG,26A,NHS Norfolk & Waveney CCG,QMM,NHS Norfolk and Waveney Integrated Care Board
E38000219,06Y,NHS South Norfolk CCG,Y61,East of England,16.235,142,26A,NHS Norfolk & Waveney CCG,26A,NHS Norfolk & Waveney CCG,QMM,NHS Norfolk and Waveney Integrated Care Board
E38000069,03D,"NHS Hambleton, Richmondshire and Whitby CCG",Y63,North East and Yorkshire,14.052,158,42D,NHS North Yorkshire CCG,42D,NHS North Yorkshire CCG,QOQ,NHS Humber and North Yorkshire Integrated Care Board
E38000042,00C,NHS Darlington CCG,Y63,North East and Yorkshire,25.657,61,16C,NHS Tees Valley CCG,16C,NHS Tees Valley CCG,QHM,NHS North East and North Cumbria Integrated Care Board
E38000047,00D,"NHS Durham Dales, Easington and Sedgefield CCG",Y63,North East and Yorkshire,31.361,25,84H,NHS County Durham CCG,84H,NHS County Durham CCG,QHM,NHS North East and North Cumbria Integrated Care Board
E38000075,00K,NHS Hartlepool and Stockton-on-Tees CCG,Y63,North East and Yorkshire,28.774,40,16C,NHS Tees Valley CCG,16C,NHS Tees Valley CCG,QHM,NHS North East and North Cumbria Integrated Care Board
E38000116,00J,NHS North Durham CCG,Y63,North East and Yorkshire,21.682,92,84H,NHS County Durham CCG,84H,NHS County Durham CCG,QHM,NHS North East and North Cumbria Integrated Care Board
E38000127,99C,NHS North Tyneside CCG,Y63,North East and Yorkshire,22.279,85,99C,NHS North Tyneside CCG,99C,NHS North Tyneside CCG,QHM,NHS North East and North Cumbria Integrated Care Board
E38000130,00L,NHS Northumberland CCG,Y63,North East and Yorkshire,22.079,88,00L,NHS Northumberland CCG,00L,NHS Northumberland CCG,QHM,NHS North East and North Cumbria Integrated Care Board
E38000162,00M,NHS South Tees CCG,Y63,North East and Yorkshire,35.203,9,16C,NHS Tees Valley CCG,16C,NHS Tees Valley CCG,QHM,NHS North East and North Cumbria Integrated Care Board
E38000163,00N,NHS South Tyneside CCG,Y63,North East and Yorkshire,31.509,24,00N,NHS South Tyneside CCG,00N,NHS South Tyneside CCG,QHM,NHS North East and North Cumbria Integrated Care Board
E38000176,00P,NHS Sunderland CCG,Y63,North East and Yorkshire,30.586,30,00P,NHS Sunderland CCG,00P,NHS Sunderland CCG,QHM,NHS North East and North Cumbria Integrated Care Board
E38000212,13T,NHS Newcastle Gateshead CCG,Y63,North East and Yorkshire,29.145,39,13T,NHS Newcastle Gateshead CCG,13T,NHS Newcastle Gateshead CCG,QHM,NHS North East and North Cumbria Integrated Care Board
E38000215,01H,NHS North Cumbria CCG,Y63,North East and Yorkshire,21.863,89,01H,NHS North Cumbria CCG,01H,NHS North Cumbria CCG,QHM,NHS North East and North Cumbria Integrated Care Board
E38000001,02N,"NHS Airedale, Wharfedale and Craven CCG",Y63,North East and Yorkshire,20.194,100,36J,NHS Bradford District and Craven CCG,36J,NHS Bradford District and Craven CCG,QWO,NHS West Yorkshire Integrated Care Board
E38000006,02P,NHS Barnsley CCG,Y63,North East and Yorkshire,29.933,32,02P,NHS Barnsley CCG,02P,NHS Barnsley CCG,QF7,NHS South Yorkshire Integrated Care Board
E38000008,02Q,NHS Bassetlaw CCG,Y63,North East and Yorkshire,22.588,79,02Q,NHS Bassetlaw CCG,02Q,NHS Bassetlaw CCG,QT1,NHS Nottingham and Nottinghamshire Integrated Care Board
E38000018,02W,NHS Bradford City CCG,Y63,North East and Yorkshire,52.139,1,36J,NHS Bradford District and Craven CCG,36J,NHS Bradford District and Craven CCG,QWO,NHS West Yorkshire Integrated Care Board
E38000019,02R,NHS Bradford Districts CCG,Y63,North East and Yorkshire,33.94,13,36J,NHS Bradford District and Craven CCG,36J,NHS Bradford District and Craven CCG,QWO,NHS West Yorkshire Integrated Care Board
E38000025,02T,NHS Calderdale CCG,Y63,North East and Yorkshire,26.351,55,02T,NHS Calderdale CCG,02T,NHS Calderdale CCG,QWO,NHS West Yorkshire Integrated Care Board
E38000044,02X,NHS Doncaster CCG,Y63,North East and Yorkshire,30.289,31,02X,NHS Doncaster CCG,02X,NHS Doncaster CCG,QF7,NHS South Yorkshire Integrated Care Board
E38000052,02Y,NHS East Riding of Yorkshire CCG,Y63,North East and Yorkshire,16.083,146,02Y,NHS East Riding of Yorkshire CCG,02Y,NHS East Riding of Yorkshire CCG,QOQ,NHS Humber and North Yorkshire Integrated Care Board
E38000064,03A,NHS Greater Huddersfield CCG,Y63,North East and Yorkshire,22.401,82,03A,NHS Greater Huddersfield CCG,X2C4Y,NHS Kirklees CCG,QWO,NHS West Yorkshire Integrated Care Board
E38000073,03E,NHS Harrogate and Rural District CCG,Y63,North East and Yorkshire,10.897,182,42D,NHS North Yorkshire CCG,42D,NHS North Yorkshire CCG,QOQ,NHS Humber and North Yorkshire Integrated Care Board
E38000085,03F,NHS Hull CCG,Y63,North East and Yorkshire,40.564,5,03F,NHS Hull CCG,03F,NHS Hull CCG,QOQ,NHS Humber and North Yorkshire Integrated Care Board
E38000119,03H,NHS North East Lincolnshire CCG,Y63,North East and Yorkshire,31.335,26,03H,NHS North East Lincolnshire CCG,03H,NHS North East Lincolnshire CCG,QOQ,NHS Humber and North Yorkshire Integrated Care Board
E38000121,03J,NHS North Kirklees CCG,Y63,North East and Yorkshire,28.665,41,03J,NHS North Kirklees CCG,X2C4Y,NHS Kirklees CCG,QWO,NHS West Yorkshire Integrated Care Board
E38000122,03K,NHS North Lincolnshire CCG,Y63,North East and Yorkshire,22.096,87,03K,NHS North Lincolnshire CCG,03K,NHS North Lincolnshire CCG,QOQ,NHS Humber and North Yorkshire Integrated Care Board
E38000141,03L,NHS Rotherham CCG,Y63,North East and Yorkshire,29.55,35,03L,NHS Rotherham CCG,03L,NHS Rotherham CCG,QF7,NHS South Yorkshire Integrated Care Board
E38000145,03M,NHS Scarborough and Ryedale CCG,Y63,North East and Yorkshire,24.629,66,42D,NHS North Yorkshire CCG,42D,NHS North Yorkshire CCG,QOQ,NHS Humber and North Yorkshire Integrated Care Board
E38000146,03N,NHS Sheffield CCG,Y63,North East and Yorkshire,27.06,49,03N,NHS Sheffield CCG,03N,NHS Sheffield CCG,QF7,NHS South Yorkshire Integrated Care Board
E38000188,03Q,NHS Vale of York CCG,Y63,North East and Yorkshire,11.9,174,03Q,NHS Vale of York CCG,03Q,NHS Vale of York CCG,QOQ,NHS Humber and North Yorkshire Integrated Care Board
E38000190,03R,NHS Wakefield CCG,Y63,North East and Yorkshire,27.306,47,03R,NHS Wakefield CCG,03R,NHS Wakefield CCG,QWO,NHS West Yorkshire Integrated Care Board
E38000225,15F,NHS Leeds CCG,Y63,North East and Yorkshire,27.301,48,15F,NHS Leeds CCG,15F,NHS Leeds CCG,QWO,NHS West Yorkshire Integrated Care Board
